{"duration": 0.4867870807647705, "input_args": {}, "time": 1742898606.217306}