{"duration": 1.1041693687438965, "input_args": {}, "time": 1743418210.7569158}