{"duration": 0.5562930107116699, "input_args": {"disp": "False"}, "time": 1742150561.1648057}